Workbook

Sheet Datos iniciales
A1: Nombre del titular / empleado | B1: Cargo | C1: Salario básico mensual | D1: Auxilio de transporte | F1: ¿Exonerado de salud y parafiscales? | I1: No
A2: Karol Yuliana Montenegro Ruiz | B2: Titular / diseñadora gráfica | D2: Por confirmar | F2: Por confirmar | G2: No
F3: Salario Mínimo | H3: 1750905
F4: Auxilio de transporte | H4: 249095
C12: 2025 | D12: Salario mínimo $1.423.500 | F12: No olvide utilizar nuestro liquidador en línea de horas extras:
D13: Auxilio de transporte $200.000
A14: RENAX es un proyecto de persona natural y actualmente lo gestiona una sola persona.
A15: El salario se indicó como definido, pero falta el valor mensual exacto. No liquidar hasta ingresarlo y confirmar si corresponde nómina laboral o retiro/ingreso de la titular.
A22: Nota: los empleados y salarios precargados son datos de ejemplo; deben reemplazarse por los datos reales de RENAX.

Sheet Liquidador de nómina
C1: Razón social / nombre comercial: RENAX (persona natural)
A3: Periodo de nómina | C3: Mensual — periodo exacto por confirmar
C4: DEVENGADO | H4: DEDUCCIONES
A5: Nombre del Empleado | B5: Días laborados | C5: Total básico | D5: Aux de transporte | E5: Horas Extras | F5: Comisiones | G5: Total Devengado | H5: Salud | I5: Pensión | J5: Retención/ otras deducciones | K5: Total Deducciones | L5: Neto Pagado | M5: Firma
A6: =IF('Datos iniciales'!A2="","",'Datos iniciales'!A2) | B6: 30 | C6: =('Datos iniciales'!C2/30)*'Liquidador de nómina'!B6 | D6: =IF('Datos iniciales'!D2="Si",('Datos iniciales'!H4/30)*'Liquidador de nómina'!B6,0) | G6: =SUM(C6:F6) | H6: =+(G6-D6)*0.04 | I6: =+(G6-D6)*0.04 | K6: =SUM(H6:J6) | L6: =+G6-K6
A7: =IF('Datos iniciales'!A3="","",'Datos iniciales'!A3) | C7: =('Datos iniciales'!C3/30)*'Liquidador de nómina'!B7 | D7: ='Datos iniciales'!H4 | G7: =SUM(C7:F7) | H7: =+(G7-D7)*0.04 | I7: =+(G7-D7)*0.04 | K7: =SUM(H7:J7) | L7: =+G7-K7
A8: =IF('Datos iniciales'!A4="","",'Datos iniciales'!A4) | C8: =('Datos iniciales'!C4/30)*'Liquidador de nómina'!B8 | D8: ='Datos iniciales'!H4 | G8: =SUM(C8:F8) | H8: =+(G8-D8)*0.04 | I8: =+(G8-D8)*0.04 | K8: =SUM(H8:J8) | L8: =+G8-K8
A9: =IF('Datos iniciales'!A5="","",'Datos iniciales'!A5) | C9: =('Datos iniciales'!C5/30)*'Liquidador de nómina'!B9 | D9: ='Datos iniciales'!H4 | G9: =SUM(C9:F9) | H9: =+(G9-D9)*0.04 | I9: =+(G9-D9)*0.04 | K9: =SUM(H9:J9) | L9: =+G9-K9
A10: =IF('Datos iniciales'!A6="","",'Datos iniciales'!A6) | C10: =('Datos iniciales'!C6/30)*'Liquidador de nómina'!B10 | D10: ='Datos iniciales'!H4 | G10: =SUM(C10:F10) | H10: =+(G10-D10)*0.04 | I10: =+(G10-D10)*0.04 | K10: =SUM(H10:J10) | L10: =+G10-K10
A11: =IF('Datos iniciales'!A7="","",'Datos iniciales'!A7) | C11: =('Datos iniciales'!C7/30)*'Liquidador de nómina'!B11 | D11: =IF('Datos iniciales'!D7="Si",('Datos iniciales'!H9/30)*'Liquidador de nómina'!B11,0) | G11: =SUM(C11:F11) | H11: =+(G11-D11)*0.04 | I11: =+(G11-D11)*0.04 | K11: =SUM(H11:J11) | L11: =+G11-K11
A12: =IF('Datos iniciales'!A8="","",'Datos iniciales'!A8) | C12: =('Datos iniciales'!C8/30)*'Liquidador de nómina'!B12 | D12: =IF('Datos iniciales'!D8="Si",('Datos iniciales'!H10/30)*'Liquidador de nómina'!B12,0) | G12: =SUM(C12:F12) | H12: =+(G12-D12)*0.04 | I12: =+(G12-D12)*0.04 | K12: =SUM(H12:J12) | L12: =+G12-K12
A13: =IF('Datos iniciales'!A9="","",'Datos iniciales'!A9) | C13: =('Datos iniciales'!C9/30)*'Liquidador de nómina'!B13 | D13: =IF('Datos iniciales'!D9="Si",('Datos iniciales'!H11/30)*'Liquidador de nómina'!B13,0) | G13: =SUM(C13:F13) | H13: =+(G13-D13)*0.04 | I13: =+(G13-D13)*0.04 | K13: =SUM(H13:J13) | L13: =+G13-K13
A14: =IF('Datos iniciales'!A10="","",'Datos iniciales'!A10) | C14: =('Datos iniciales'!C10/30)*'Liquidador de nómina'!B14 | D14: =IF('Datos iniciales'!D10="Si",('Datos iniciales'!H12/30)*'Liquidador de nómina'!B14,0) | G14: =SUM(C14:F14) | H14: =+(G14-D14)*0.04 | I14: =+(G14-D14)*0.04 | K14: =SUM(H14:J14) | L14: =+G14-K14
A15: TOTALES | C15: =SUM(C6:C14) | D15: =SUM(D6:D14) | E15: =SUM(E6:E14) | F15: =SUM(F6:F14) | G15: =SUM(G6:G14) | H15: =SUM(H6:H14) | I15: =SUM(I6:I14) | J15: =SUM(J6:J14) | ... L15: =SUM(L6:L14)
A17: Datos para el empleador
B19: Seguridad social | D19: Aportes parafiscales | G19: Provisiones
A20: Nombre del Empleado | B20: Salud | C20: Pensión | D20: Caja de comp | E20: ICBF | F20: Sena | G20: Prima | H20: Cesantías | I20: Intereses | J20: Vacaciones
B21: =IF('Datos iniciales'!I1="Si",0,8.5%) | C21: 0.12 | D21: 0.04 | E21: =IF('Datos iniciales'!I1="Si",0,3%) | F21: =IF('Datos iniciales'!I1="Si",0,2%) | G21: 0.0833 | H21: 0.0833 | I21: 0.01 | J21: 0.0417
A22: Pendiente: ingresar el salario mensual acordado y confirmar las condiciones aplicables antes de usar esta liquidación. | B22: =IF((G6-D6)*$B$21=0,"",(G6-D6)*$B$21) | C22: =IF((G6-D6)*$C$21=0,"",(G6-D6)*$C$21) | D22: =IF((G6-D6)*$D$21=0,"",(G6-D6)*$D$21) | E22: =IF((G6-D6)*$E$21=0,"",(G6-D6)*$E$21) | F22: =IF((G6-D6)*$F$21=0,"",(G6-D6)*$F$21) | G22: =IF((G6)*$G$21=0,"",(G6)*$G$21) | H22: =IF((G6)*$H$21=0,"",(G6)*$H$21) | I22: =IF((G6)*$I$21=0,"",(G6)*$I$21) | J22: =IF((G6-D6)*$J$21=0,"",(G6-D6)*$J$21) | K22: =G22+H22+I22+J22
A23: =IF(A7="","",A7) | B23: =IF((G7-D7)*$B$21=0,"",(G7-D7)*$B$21) | C23: =IF((G7-D7)*$C$21=0,"",(G7-D7)*$C$21) | D23: =IF((G7-D7)*$D$21=0,"",(G7-D7)*$D$21) | E23: =IF((G7-D7)*$E$21=0,"",(G7-D7)*$E$21) | F23: =IF((G7-D7)*$F$21=0,"",(G7-D7)*$F$21) | G23: =IF((G7)*$G$21=0,"",(G7)*$G$21) | H23: =IF((G7)*$H$21=0,"",(G7)*$H$21) | I23: =IF((G7)*$I$21=0,"",(G7)*$I$21) | J23: =IF((G7-D7)*$J$21=0,"",(G7-D7)*$J$21) | K23: =G23+H23+I23+J23
A24: =IF(A8="","",A8) | B24: =IF((G8-D8)*$B$21=0,"",(G8-D8)*$B$21) | C24: =IF((G8-D8)*$C$21=0,"",(G8-D8)*$C$21) | D24: =IF((G8-D8)*$D$21=0,"",(G8-D8)*$D$21) | E24: =IF((G8-D8)*$E$21=0,"",(G8-D8)*$E$21) | F24: =IF((G8-D8)*$F$21=0,"",(G8-D8)*$F$21) | G24: =IF((G8)*$G$21=0,"",(G8)*$G$21) | H24: =IF((G8)*$H$21=0,"",(G8)*$H$21) | I24: =IF((G8)*$I$21=0,"",(G8)*$I$21) | J24: =IF((G8-D8)*$J$21=0,"",(G8-D8)*$J$21) | K24: =G24+H24+I24+J24
A25: =IF(A9="","",A9) | B25: =IF((G9-D9)*$B$21=0,"",(G9-D9)*$B$21) | C25: =IF((G9-D9)*$C$21=0,"",(G9-D9)*$C$21) | D25: =IF((G9-D9)*$D$21=0,"",(G9-D9)*$D$21) | E25: =IF((G9-D9)*$E$21=0,"",(G9-D9)*$E$21) | F25: =IF((G9-D9)*$F$21=0,"",(G9-D9)*$F$21) | G25: =IF((G9)*$G$21=0,"",(G9)*$G$21) | H25: =IF((G9)*$H$21=0,"",(G9)*$H$21) | I25: =IF((G9)*$I$21=0,"",(G9)*$I$21) | J25: =IF((G9-D9)*$J$21=0,"",(G9-D9)*$J$21) | K25: =G25+H25+I25+J25
A26: =IF(A10="","",A10) | B26: =IF((G10-D10)*$B$21=0,"",(G10-D10)*$B$21) | C26: =IF((G10-D10)*$C$21=0,"",(G10-D10)*$C$21) | D26: =IF((G10-D10)*$D$21=0,"",(G10-D10)*$D$21) | E26: =IF((G10-D10)*$E$21=0,"",(G10-D10)*$E$21) | F26: =IF((G10-D10)*$F$21=0,"",(G10-D10)*$F$21) | G26: =IF((G10)*$G$21=0,"",(G10)*$G$21) | H26: =IF((G10)*$H$21=0,"",(G10)*$H$21) | I26: =IF((G10)*$I$21=0,"",(G10)*$I$21) | J26: =IF((G10-D10)*$J$21=0,"",(G10-D10)*$J$21) | K26: =G26+H26+I26+J26
A27: =IF(A11="","",A11) | B27: =IF((G11-D11)*$B$21=0,"",(G11-D11)*$B$21) | C27: =IF((G11-D11)*$C$21=0,"",(G11-D11)*$C$21) | D27: =IF((G11-D11)*$D$21=0,"",(G11-D11)*$D$21) | E27: =IF((G11-D11)*$E$21=0,"",(G11-D11)*$E$21) | F27: =IF((G11-D11)*$F$21=0,"",(G11-D11)*$F$21) | G27: =IF((G11)*$G$21=0,"",(G11)*$G$21)
A28: =IF(A12="","",A12) | B28: =IF((G12-D12)*$B$21=0,"",(G12-D12)*$B$21) | C28: =IF((G12-D12)*$C$21=0,"",(G12-D12)*$C$21) | D28: =IF((G12-D12)*$D$21=0,"",(G12-D12)*$D$21) | E28: =IF((G12-D12)*$E$21=0,"",(G12-D12)*$E$21) | F28: =IF((G12-D12)*$F$21=0,"",(G12-D12)*$F$21) | G28: =IF((G12)*$G$21=0,"",(G12)*$G$21)
A29: =IF(A13="","",A13) | B29: =IF((G13-D13)*$B$21=0,"",(G13-D13)*$B$21) | D29: =IF((G13-D13)*$D$21=0,"",(G13-D13)*$D$21) | E29: =IF((G13-D13)*$E$21=0,"",(G13-D13)*$E$21) | F29: =IF((G13-D13)*$F$21=0,"",(G13-D13)*$F$21) | G29: =IF((G13)*$G$21=0,"",(G13)*$G$21)
A30: =IF(A14="","",A14) | B30: =IF((G14-D14)*$B$21=0,"",(G14-D14)*$B$21) | C30: =IF((G14-D14)*$C$21=0,"",(G14-D14)*$C$21) | D30: =IF((G14-D14)*$D$21=0,"",(G14-D14)*$D$21) | E30: =IF((G14-D14)*$E$21=0,"",(G14-D14)*$E$21) | F30: =IF((G14-D14)*$F$21=0,"",(G14-D14)*$F$21) | G30: =IF((G14)*$G$21=0,"",(G14)*$G$21)
A31: TOTALES | B31: =SUM(B22:B30) | C31: =SUM(C22:C30) | D31: =SUM(D22:D30) | E31: =SUM(E22:E30) | F31: =SUM(F22:F30) | G31: =SUM(G22:G30) | H31: =SUM(H22:H30) | I31: =SUM(I22:I30) | J31: =SUM(J22:J30)
B32: =SUM(B22:B26) | C32: =SUM(C22:C26) | D32: =SUM(D22:D26) | E32: =SUM(E22:E26) | F32: =SUM(F22:F26) | G32: =SUM(G22:G26) | H32: =SUM(H22:H26) | I32: =SUM(I22:I26) | J32: =SUM(J22:J26)
J33: 1465127 | K33: TOTAL PROVISIONES
